{"darga":{"2":0.0,"3":0.0,"4":0.0,"5":0.0209424084,"6":0.0732984293,"7":0.1596638655,"8":0.1073825503,"9":0.1232091691,"10":0.1498771499,"11":0.2085201794,"12":0.2283653846,"13":0.1847575058,"14":0.219047619,"15":0.2072072072,"16":0.1635802469,"17":0.2642642643,"18":0.2451361868,"19":0.1801801802,"20":0.2211981567,"21":0.2394366197,"22":0.2251655629,"23":0.2421052632,"24":0.2727272727,"25":0.3673469388,"26":0.2619047619,"27":0.4230769231,"28":0.2608695652,"29":0.2222222222,"30":0.1875,"31":0.2,"32":0.6666666667,"33":0.0,"34":0.3333333333,"36":0.0,"38":0.6666666667,"40":0.4,"42":0.0,"44":0.0,"45":0.0,"48":0.3333333333,"60":0.0},"etnakhta":{"2":0.3333333333,"3":0.0666666667,"4":0.2388059701,"5":0.2931937173,"6":0.7172774869,"7":0.7857142857,"8":0.9429530201,"9":0.9799426934,"10":0.972972973,"11":0.9618834081,"12":0.9903846154,"13":1.0,"14":0.9952380952,"15":1.0,"16":1.0,"17":1.0,"18":1.0,"19":1.0045045045,"20":1.0,"21":1.014084507,"22":1.0,"23":1.0,"24":1.0,"25":1.0,"26":1.0238095238,"27":1.0,"28":1.0,"29":1.0,"30":1.0,"31":1.0,"32":1.0,"33":1.0,"34":1.0,"36":1.0,"38":1.0,"40":1.0,"42":1.0,"44":1.0,"45":1.0,"48":1.0,"60":1.0},"gadol":{"2":0.0,"3":0.0,"4":0.1791044776,"5":0.0209424084,"6":0.1204188482,"7":0.0462184874,"8":0.1006711409,"9":0.1346704871,"10":0.0835380835,"11":0.0896860987,"12":0.0889423077,"13":0.0946882217,"14":0.080952381,"15":0.1021021021,"16":0.1018518519,"17":0.0570570571,"18":0.0739299611,"19":0.1261261261,"20":0.0783410138,"21":0.0985915493,"22":0.1059602649,"23":0.1157894737,"24":0.1022727273,"25":0.0408163265,"26":0.0,"27":0.0769230769,"28":0.0869565217,"29":0.1111111111,"30":0.0,"31":0.0,"32":0.0,"33":0.0,"34":0.1666666667,"36":0.2,"38":0.0,"40":0.2,"42":0.3333333333,"44":0.5,"45":0.0,"48":0.0,"60":0.0},"geresh":{"2":0.0,"3":0.0,"4":0.0,"5":0.0052356021,"6":0.0,"7":0.0084033613,"8":0.0100671141,"9":0.0114613181,"10":0.0221130221,"11":0.0470852018,"12":0.0504807692,"13":0.0692840647,"14":0.1285714286,"15":0.1831831832,"16":0.2839506173,"17":0.2432432432,"18":0.3307392996,"19":0.4594594595,"20":0.400921659,"21":0.5281690141,"22":0.6622516556,"23":0.6631578947,"24":0.6931818182,"25":0.5102040816,"26":0.880952381,"27":0.9230769231,"28":0.8695652174,"29":1.0555555556,"30":0.8125,"31":1.2,"32":1.0,"33":1.0,"34":0.3333333333,"36":0.4,"38":0.3333333333,"40":1.0,"42":0.6666666667,"44":0.5,"45":1.0,"48":0.6666666667,"60":0.0},"gereshmukdam":{"2":0.0,"3":0.0,"4":0.0,"5":0.0,"6":0.0,"7":0.0,"8":0.0,"9":0.0,"10":0.0,"11":0.0,"12":0.0,"13":0.0,"14":0.0,"15":0.0,"16":0.0,"17":0.003003003,"18":0.0,"19":0.0,"20":0.0,"21":0.0,"22":0.0,"23":0.0,"24":0.0,"25":0.0,"26":0.0,"27":0.0,"28":0.0,"29":0.0,"30":0.0,"31":0.0,"32":0.0,"33":0.0,"34":0.0,"36":0.0,"38":0.0,"40":0.0,"42":0.0,"44":0.0,"45":0.0,"48":0.0,"60":0.0},"gershayim":{"2":0.0,"3":0.0,"4":0.0,"5":0.0,"6":0.0052356021,"7":0.0,"8":0.0,"9":0.0143266476,"10":0.0171990172,"11":0.0448430493,"12":0.0480769231,"13":0.0715935335,"14":0.0833333333,"15":0.0840840841,"16":0.0956790123,"17":0.1441441441,"18":0.1789883268,"19":0.1711711712,"20":0.2396313364,"21":0.2253521127,"22":0.1655629139,"23":0.2421052632,"24":0.1704545455,"25":0.387755102,"26":0.3333333333,"27":0.2692307692,"28":0.2173913043,"29":0.0555555556,"30":0.3125,"31":0.0,"32":0.0,"33":0.0,"34":0.0,"36":0.0,"38":0.0,"40":0.2,"42":0.0,"44":0.0,"45":0.0,"48":0.0,"60":1.0},"kadma":{"2":0.0,"3":0.0,"4":0.0447761194,"5":0.0157068063,"6":0.0314136126,"7":0.0504201681,"8":0.0838926174,"9":0.0687679083,"10":0.0958230958,"11":0.130044843,"12":0.1923076923,"13":0.207852194,"14":0.319047619,"15":0.3783783784,"16":0.4197530864,"17":0.4684684685,"18":0.5486381323,"19":0.7612612613,"20":0.7281105991,"21":0.9014084507,"22":0.9735099338,"23":1.0315789474,"24":1.0454545455,"25":0.8775510204,"26":1.3095238095,"27":1.5,"28":1.1304347826,"29":1.3888888889,"30":1.375,"31":2.0,"32":1.3333333333,"33":1.0,"34":0.8333333333,"36":0.6,"38":0.3333333333,"40":1.0,"42":1.3333333333,"44":0.5,"45":1.0,"48":0.6666666667,"60":1.0},"karnepara":{"2":0.0,"3":0.0,"4":0.0,"5":0.0,"6":0.0,"7":0.0,"8":0.0,"9":0.0,"10":0.0,"11":0.0,"12":0.0,"13":0.0,"14":0.0,"15":0.0,"16":0.0,"17":0.0,"18":0.0,"19":0.0,"20":0.0,"21":0.0,"22":0.0,"23":0.0,"24":0.0,"25":0.0,"26":0.0,"27":0.0,"28":0.0,"29":0.0,"30":0.0625,"31":0.0,"32":0.0,"33":0.0,"34":0.0,"36":0.0,"38":0.0,"40":0.0,"42":0.0,"44":0.0,"45":0.0,"48":0.0,"60":0.0},"katan":{"2":0.3333333333,"3":0.0,"4":0.1641791045,"5":0.1518324607,"6":0.1727748691,"7":0.268907563,"8":0.432885906,"9":0.6790830946,"10":0.7764127764,"11":0.9103139013,"12":1.1057692308,"13":1.2771362587,"14":1.3428571429,"15":1.5375375375,"16":1.5987654321,"17":1.6936936937,"18":1.7081712062,"19":1.8018018018,"20":1.797235023,"21":1.8169014085,"22":1.9536423841,"23":1.9263157895,"24":2.0227272727,"25":2.2857142857,"26":2.1666666667,"27":2.0769230769,"28":2.0,"29":2.5,"30":1.75,"31":2.4,"32":1.6666666667,"33":2.0,"34":1.8333333333,"36":1.4,"38":2.0,"40":1.6,"42":1.3333333333,"44":2.5,"45":1.0,"48":2.0,"60":1.0},"mapakh":{"2":0.0,"3":0.0,"4":0.0,"5":0.0104712042,"6":0.0418848168,"7":0.0462184874,"8":0.0402684564,"9":0.1318051576,"10":0.2186732187,"11":0.2937219731,"12":0.4278846154,"13":0.4688221709,"14":0.5428571429,"15":0.6936936937,"16":0.7654320988,"17":0.8378378378,"18":0.8404669261,"19":0.9054054054,"20":0.9769585253,"21":0.9507042254,"22":0.9602649007,"23":1.2,"24":1.2613636364,"25":1.1428571429,"26":1.0476190476,"27":1.3461538462,"28":1.2173913043,"29":1.5555555556,"30":0.875,"31":1.4,"32":1.0,"33":1.0,"34":1.5,"36":0.4,"38":1.0,"40":0.6,"42":1.0,"44":1.0,"45":0.0,"48":0.6666666667,"60":2.0},"merkha":{"2":0.3333333333,"3":0.8666666667,"4":0.6119402985,"5":1.2984293194,"6":1.1413612565,"7":1.1848739496,"8":1.2919463087,"9":1.4040114613,"10":1.5012285012,"11":1.5358744395,"12":1.5336538462,"13":1.6189376443,"14":1.6285714286,"15":1.5885885886,"16":1.6851851852,"17":1.6276276276,"18":1.7081712062,"19":1.7432432432,"20":1.8479262673,"21":1.7887323944,"22":1.8543046358,"23":1.9473684211,"24":1.8409090909,"25":1.7755102041,"26":1.7619047619,"27":1.8461538462,"28":2.0434782609,"29":1.9444444444,"30":1.625,"31":1.4,"32":2.3333333333,"33":1.6666666667,"34":1.6666666667,"36":2.8,"38":1.0,"40":1.6,"42":1.6666666667,"44":3.5,"45":1.0,"48":1.3333333333,"60":4.0},"merkhakfula":{"2":0.0,"3":0.0,"4":0.0,"5":0.0,"6":0.0,"7":0.0,"8":0.0,"9":0.0,"10":0.0,"11":0.0022421525,"12":0.0024038462,"13":0.0,"14":0.0,"15":0.0,"16":0.0030864198,"17":0.0,"18":0.0038910506,"19":0.0,"20":0.0,"21":0.0,"22":0.0066225166,"23":0.0,"24":0.0,"25":0.0,"26":0.0,"27":0.0,"28":0.0,"29":0.0,"30":0.0,"31":0.0,"32":0.0,"33":0.0,"34":0.0,"36":0.0,"38":0.0,"40":0.0,"42":0.0,"44":0.0,"45":0.0,"48":0.0,"60":0.0},"munakh":{"2":0.6666666667,"3":0.0666666667,"4":0.0895522388,"5":0.1832460733,"6":0.2984293194,"7":0.4663865546,"8":0.6610738255,"9":0.8481375358,"10":0.8943488943,"11":1.0964125561,"12":1.2475961538,"13":1.4434180139,"14":1.6714285714,"15":1.8078078078,"16":2.024691358,"17":2.2462462462,"18":2.3774319066,"19":2.463963964,"20":2.8064516129,"21":2.9929577465,"22":3.0132450331,"23":3.3894736842,"24":3.375,"25":3.7959183673,"26":3.7142857143,"27":4.1538461538,"28":3.8695652174,"29":3.6111111111,"30":3.75,"31":2.6,"32":4.0,"33":5.0,"34":2.5,"36":1.8,"38":2.3333333333,"40":2.0,"42":2.6666666667,"44":1.5,"45":3.0,"48":3.3333333333,"60":4.0},"pashta":{"2":0.0,"3":0.0,"4":0.0447761194,"5":0.0314136126,"6":0.0890052356,"7":0.0840336134,"8":0.2013422819,"9":0.3696275072,"10":0.457002457,"11":0.6278026906,"12":0.8100961538,"13":0.9330254042,"14":1.0166666667,"15":1.2012012012,"16":1.3148148148,"17":1.3873873874,"18":1.4435797665,"19":1.5225225225,"20":1.5483870968,"21":1.6338028169,"22":1.6754966887,"23":1.7684210526,"24":1.8295454545,"25":2.0612244898,"26":1.9523809524,"27":2.0384615385,"28":1.8695652174,"29":2.5555555556,"30":1.5625,"31":2.0,"32":1.6666666667,"33":1.3333333333,"34":1.6666666667,"36":1.2,"38":2.0,"40":1.8,"42":1.3333333333,"44":2.0,"45":1.0,"48":1.6666666667,"60":2.0},"pazer":{"2":0.0,"3":0.0,